first_name,last_name,email,gender,dob,f_color
Helen-elizabeth,Ouslem,houslem0@posterous.com,Male,2009-01-04,Crimson
Leanor,Splevin,lsplevin1@bloomberg.com,Female,2007-02-03,Red
Alexia,Jantzen,ajantzen2@businessinsider.com,Female,1994-05-12,Red
Rozanne,Hansie,rhansie3@unesco.org,Male,1997-03-28,Maroon
Thedric,Sabben,tsabben4@ibm.com,Male,2004-09-10,Khaki
Clementina,Irce,circe5@smh.com.au,Female,2015-07-19,Goldenrod
Giovanna,Belfield,gbelfield6@dedecms.com,Male,2020-09-01,Yellow
Bobbi,Duell,bduell7@ameblo.jp,Male,2021-11-30,Blue
Darius,Verecker,dverecker8@ebay.co.uk,Female,2002-11-09,Aquamarine
Gwen,Blowen,,Female,1990-05-19,Crimson
Morley,Egglestone,megglestonea@walmart.com,Male,2019-12-17,Blue
Elsbeth,Ricker,erickerb@altervista.org,,1999-08-07,Purple
Padraic,Durram,pdurramc@joomla.org,Female,2011-12-04,
Hillard,Huitt,,Female,2002-02-22,Pink
Dulci,Simmill,dsimmille@yelp.com,Female,2001-04-16,Orange
Carlos,Regina,creginaf@tinypic.com,Male,2005-07-20,Green
Libbie,Gogarty,lgogartyg@qq.com,Male,2001-12-08,Blue
Farrel,Saiz,,Male,1990-09-16,Goldenrod
Fritz,Jendas,,Male,2012-09-02,Crimson
Sergent,Bresman,sbresmanj@nhs.uk,Male,2011-03-30,
Ruben,Sichardt,rsichardtk@wikispaces.com,Male,2011-10-15,Orange
Glory,Hemms,ghemmsl@liveinternet.ru,Female,2011-04-18,Fuscia
Kirbie,Vearncombe,kvearncombem@microsoft.com,Female,1994-08-13,Mauv
Genevieve,Bern,gbernn@cnbc.com,Male,2010-07-12,Goldenrod
Tyne,Cockren,tcockreno@dailymotion.com,Male,1993-01-11,Pink
Belvia,O'Roan,boroanp@ox.ac.uk,Male,1990-03-22,Yellow
Belva,Jeduch,bjeduchq@phpbb.com,Female,1999-12-19,Khaki
Symon,Youles,syoulesr@epa.gov,Polygender,1994-08-29,Purple
Kerianne,Cromwell,kcromwells@51.la,Female,2017-12-30,Violet
Maure,Bowser,mbowsert@dropbox.com,Female,1992-06-28,Khaki
Carlo,McNeigh,cmcneighu@gov.uk,Male,1998-01-21,Orange
Willard,Dowle,wdowlev@walmart.com,Female,2013-03-28,Pink
Casey,Pracy,cpracyw@ustream.tv,Male,1999-08-31,Purple
Shelba,Talby,,Bigender,1991-03-23,Orange
Winifield,Dempster,wdempstery@google.ca,Male,2004-08-27,
Manon,Stuck,mstuckz@google.fr,Male,1990-01-08,
Cosme,Barrasse,cbarrasse10@mozilla.com,Female,2009-01-09,Yellow
Orella,Rouke,orouke11@tinyurl.com,Male,1992-05-23,Pink
Wilona,Mudge,wmudge12@csmonitor.com,Female,2019-10-18,Yellow
Granthem,Gourlie,ggourlie13@friendfeed.com,Male,2018-10-16,
Bren,Levermore,blevermore14@facebook.com,Female,2016-02-01,Puce
Carlene,Sarge,csarge15@webeden.co.uk,Female,2005-04-16,Teal
Daisi,Leades,dleades16@wordpress.org,Female,2021-07-14,Orange
Mirabelle,Dunphie,,Male,2003-01-22,Fuscia
Gregorius,Haborn,ghaborn18@prnewswire.com,Male,1998-10-26,Violet
Sayre,Gall,sgall19@cmu.edu,Male,2015-04-12,Orange
Baxie,Wind,bwind1a@github.io,Male,2001-03-01,Aquamarine
Cathlene,Ockleshaw,,Bigender,2011-12-07,Indigo
Ellsworth,Stitfall,estitfall1c@umn.edu,,2019-04-08,Purple
Michaella,Inderwick,minderwick1d@ucoz.ru,Female,1996-10-02,Maroon
Guglielma,Denness,gdenness1e@redcross.org,Female,2005-05-20,
Nicol,,nsemaine1f@youtu.be,,2011-07-21,Aquamarine
Stella,Magrane,,Female,2002-09-18,Pink
Bernice,Grenshiels,bgrenshiels1h@bluehost.com,Female,2012-02-25,Orange
Bordie,Egleton,begleton1i@telegraph.co.uk,Female,2009-02-16,
Kym,Lacey,klacey1j@tuttocitta.it,Female,2012-04-21,Green
Colette,Costar,ccostar1k@ning.com,Agender,2014-06-11,
Emmaline,Sanderson,esanderson1l@trellian.com,Female,2008-10-07,Pink
Celeste,Griswood,cgriswood1m@indiegogo.com,Male,1993-02-01,Teal
Dicky,Kilgrove,dkilgrove1n@qq.com,Female,2009-07-16,Green
Thor,Fancutt,tfancutt1o@apache.org,Genderfluid,2009-10-05,Puce
Jeanne,,,Genderqueer,1995-10-29,Yellow
Tremain,Attwater,tattwater1q@marriott.com,Non-binary,2013-08-17,Indigo
Liesa,Geane,lgeane1r@mozilla.com,Genderfluid,2017-03-26,Blue
Robbie,Stood,,Male,2009-04-05,Blue
Kimball,Sawyers,ksawyers1t@nhs.uk,Female,1993-01-22,Purple
Catlee,Ciccottio,cciccottio1u@diigo.com,Polygender,1993-01-19,Goldenrod
Barbara,Dulieu,bdulieu1v@washington.edu,Female,1990-09-19,Violet
Ruperta,Hansford,,Female,2012-01-06,Pink
Monti,MacKeever,mmackeever1x@topsy.com,Female,2003-02-05,Khaki
Olympia,Heselwood,,Male,1995-08-01,Purple
Rae,Kuhnert,rkuhnert1z@uiuc.edu,Female,2000-02-20,Turquoise
Donal,Groombridge,dgroombridge20@ow.ly,Female,1991-02-10,Blue
Drucie,Ivers,divers21@buzzfeed.com,Agender,2019-12-26,Blue
Diana,Fullylove,dfullylove22@skyrock.com,Female,1993-01-22,Puce
Cathie,Frane,cfrane23@about.me,Female,2021-08-15,Aquamarine
Rubi,Dziwisz,rdziwisz24@arizona.edu,Bigender,2010-04-08,Crimson
Prisca,Rockcliffe,prockcliffe25@addthis.com,Male,2004-12-08,Red
Javier,Cammidge,,Female,2013-08-12,Violet
Belita,Rapley,brapley27@naver.com,Male,2011-09-24,Violet
Ernestus,Kivelle,ekivelle28@lycos.com,Agender,2010-08-25,Aquamarine
Carlye,Ashtonhurst,cashtonhurst29@walmart.com,Bigender,2011-10-28,Yellow
Prudy,Cavy,pcavy2a@apple.com,Female,2008-09-08,Turquoise
Gifford,Ewdale,gewdale2b@upenn.edu,Female,2019-11-19,Indigo
Wilhelm,Petts,wpetts2c@harvard.edu,Male,2021-03-19,Red
Buiron,Chevin,bchevin2d@spiegel.de,Female,1999-01-29,Crimson
Issi,Synan,isynan2e@nature.com,Female,1999-04-05,Fuscia
Wendel,Jacquemard,wjacquemard2f@dion.ne.jp,Female,1999-12-13,Crimson
Elisa,,elocal2g@weather.com,Female,2011-10-24,
Fritz,Burris,fburris2h@bbc.co.uk,Genderfluid,2020-04-18,Puce
Conrado,Batha,cbatha2i@rakuten.co.jp,Female,2019-10-04,Turquoise
Glenn,Kynforth,gkynforth2j@pcworld.com,Genderqueer,1999-02-25,Purple
Langston,Harry,lharry2k@nytimes.com,Male,2013-06-01,Maroon
Mal,Chree,mchree2l@apache.org,Male,1997-04-16,Aquamarine
Robers,Houlden,rhoulden2m@nature.com,,2017-08-26,Pink
Daryl,Grinyer,dgrinyer2n@livejournal.com,Male,2011-08-11,Aquamarine
Pace,Veillard,pveillard2o@sohu.com,Male,2002-03-16,Crimson
Yancy,Vassano,yvassano2p@home.pl,Female,2000-09-30,Orange
Daisey,Burren,dburren2q@economist.com,Male,2015-09-01,Khaki
Erasmus,Silvester,esilvester2r@washington.edu,Male,2001-02-24,Puce
Nanete,Ubee,nubee2s@vimeo.com,Genderqueer,2010-09-30,Purple
Sula,Bearcock,sbearcock2t@imdb.com,Male,2010-05-21,Yellow
Jorry,Checketts,jchecketts2u@economist.com,Female,2006-12-27,Puce
Lynsey,Greensides,,Male,2007-09-01,Fuscia
Mendie,Dreghorn,mdreghorn2w@clickbank.net,Female,1995-02-01,Maroon
Terrance,Lilleycrop,tlilleycrop2x@google.com.au,Female,1998-03-16,Red
Randolph,Ibbs,ribbs2y@intel.com,Female,2008-03-25,Aquamarine
Leelah,Lloyd,llloyd2z@cmu.edu,Male,1993-07-16,Khaki
Prescott,Roubert,proubert30@flickr.com,Female,2014-01-28,Puce
Jonah,Drohan,,Male,2019-03-06,Indigo
Jeanne,Sevier,jsevier32@google.com.hk,Male,1991-06-07,Indigo
Idalia,Meltetal,imeltetal33@army.mil,Male,2001-03-21,Teal
Alasteir,Luxen,,Female,2021-06-24,Violet
Jack,Tither,jtither35@tinypic.com,Female,1999-02-04,Purple
Broderic,Bourbon,bbourbon36@admin.ch,Female,2007-10-17,Aquamarine
Abe,Fernao,,Male,2006-10-19,Green
Sheilakathryn,Lockwood,slockwood38@rediff.com,Male,2011-12-18,
Christian,Cromar,ccromar39@vistaprint.com,Female,2016-08-01,Fuscia
Kasey,Episcopio,kepiscopio3a@archive.org,,2016-03-24,Teal
Pierson,Hammond,,Male,2021-11-27,Pink
Chane,Colin,ccolin3c@ning.com,Male,1992-02-26,Khaki
Lemar,Gasperi,lgasperi3d@jiathis.com,Male,1991-02-07,Violet
Vivi,Allwell,vallwell3e@deliciousdays.com,Male,2017-12-31,Purple
Mara,Liven,mliven3f@freewebs.com,Male,1999-09-25,
Sallee,Brounsell,sbrounsell3g@xing.com,Female,1991-09-05,Pink
Salome,Stirtle,sstirtle3h@paginegialle.it,Female,2017-12-22,Aquamarine
Devi,Drohane,,Male,2009-11-21,Aquamarine
Frans,Colquete,fcolquete3j@storify.com,,2021-05-29,Crimson
Alida,Cometti,acometti3k@nba.com,Male,2015-08-01,Turquoise
Lars,Warlow,lwarlow3l@uiuc.edu,,2006-04-14,Teal
Oriana,Jent,ojent3m@360.cn,Female,2003-10-31,Blue
Jessalin,,jfirmager3n@intel.com,Female,1997-05-07,Fuscia
Rance,Kirwin,rkirwin3o@barnesandnoble.com,Male,1999-08-02,Green
Chester,Tale,ctale3p@vk.com,Male,2001-08-16,Indigo
Stormy,Arnolds,sarnolds3q@icq.com,Male,2021-08-25,Maroon
Sunny,Muir,,Female,2004-03-29,Mauv
Finlay,Pimley,,Male,1998-03-22,Turquoise
Wanda,Culwen,wculwen3t@whitehouse.gov,Agender,2016-11-27,Aquamarine
Clay,Muzzillo,,Female,2014-12-18,Puce
Brandyn,Atwater,batwater3v@dagondesign.com,Female,1996-08-19,Green
Quinlan,Reyes,qreyes3w@earthlink.net,Female,2007-05-19,Purple
Lucian,Firpo,lfirpo3x@themeforest.net,Female,2020-01-21,Turquoise
Corrine,Barrell,cbarrell3y@free.fr,Male,1995-10-20,Turquoise
Chaim,Armall,carmall3z@ted.com,Male,1999-05-02,Khaki
Drusie,McFadzean,dmcfadzean40@artisteer.com,Female,2007-07-12,Maroon
Bradan,Fideler,bfideler41@merriam-webster.com,Female,2012-12-17,
Esme,Klima,,Female,2002-06-19,Fuscia
Cindie,Alderson,calderson43@hostgator.com,Male,2009-11-28,Violet
Edythe,Selby,eselby44@weebly.com,Female,2021-01-14,Mauv
Vlad,Crees,vcrees45@reuters.com,Male,2015-03-24,Purple
Titos,Phelp,tphelp46@va.gov,Male,1997-04-03,Indigo
Jayne,Egginton,,Male,1999-01-23,Khaki
Wileen,Pleager,wpleager48@howstuffworks.com,Female,2007-03-28,Goldenrod
Nikkie,Zaple,nzaple49@g.co,Female,1993-02-18,Red
Perren,McGhee,pmcghee4a@about.com,Male,2001-06-01,Mauv
Tilda,Sappy,tsappy4b@ifeng.com,Female,2008-10-10,Yellow
Kala,Pichan,kpichan4c@hhs.gov,Female,2020-05-14,Crimson
Tory,Radeliffe,tradeliffe4d@google.fr,Female,2010-07-24,Mauv
Willette,Meeson,wmeeson4e@dyndns.org,Male,2021-05-25,Yellow
Ogden,Greenhall,,Agender,1995-05-27,Pink
Carley,Heinonen,,Male,2007-09-14,Maroon
Lydie,Veale,lveale4h@telegraph.co.uk,Male,2009-05-22,Puce
Morgan,Redwall,,Male,2019-11-18,Red
Freddie,Alcorn,falcorn4j@meetup.com,Female,2003-08-21,Purple
Nikola,MacKay,nmackay4k@hubpages.com,Male,2009-06-24,Indigo
Lazare,Velti,lvelti4l@ehow.com,Female,2001-04-20,Yellow
Sergeant,Wycliffe,,Male,1994-06-16,Teal
Gran,Cristoforo,,Female,2018-02-20,Crimson
Hi,Stapells,hstapells4o@blogs.com,Female,2018-06-19,Purple
Fidole,Harby,fharby4p@meetup.com,Non-binary,1992-06-04,Pink
Orel,Passion,opassion4q@wp.com,Male,2012-10-14,Aquamarine
Carny,Foxall,,Male,2006-02-26,Teal
Jeanine,Shortland,jshortland4s@illinois.edu,Male,1996-03-22,Yellow
Thane,Crosseland,tcrosseland4t@dagondesign.com,Agender,2006-10-01,Fuscia
Cecelia,Dober,cdober4u@hp.com,,2019-07-05,
Teodoro,Curtis,tcurtis4v@tmall.com,Male,2000-03-31,
Bronnie,Winckles,bwinckles4w@netlog.com,Female,1995-02-23,Blue
Margareta,Overton,moverton4x@scientificamerican.com,,2011-03-26,Red
Fayina,Welland,fwelland4y@admin.ch,Female,2015-03-19,Maroon
Melisande,Hawkshaw,mhawkshaw4z@go.com,Female,2002-05-02,Violet
Jodi,McManamon,jmcmanamon50@altervista.org,,1996-08-22,Turquoise
Kristina,Croson,kcroson51@tinypic.com,Male,2015-03-09,Pink
Raimondo,Janos,rjanos52@barnesandnoble.com,Female,2005-03-11,Fuscia
Grete,Haslock,,Female,2018-04-24,Maroon
Keriann,Kavanagh,kkavanagh54@prweb.com,Genderfluid,1992-03-07,Khaki
Thomasine,Carnelley,tcarnelley55@businesswire.com,Female,1991-06-06,Green
Lindy,Nana,lnana56@arstechnica.com,Female,2020-10-29,Yellow
Kaila,McCarle,,Female,2006-04-19,
Syman,Kiln,skiln58@ifeng.com,Female,1996-08-19,Aquamarine
Allyn,Budleigh,abudleigh59@mayoclinic.com,,1991-08-28,Orange
Mellisa,Dimitrie,mdimitrie5a@nyu.edu,Male,2016-05-02,Goldenrod
Arabel,McPhillips,amcphillips5b@salon.com,Female,1996-12-01,Teal
Trevor,De Simoni,,Male,2019-12-01,Orange
Reinald,,redward5d@a8.net,Male,1999-04-15,Mauv
Linda,,lbowdery5e@google.com.hk,Female,2004-08-28,Teal
Lilah,Vigurs,lvigurs5f@alibaba.com,Male,2007-05-03,
Therine,Gehring,tgehring5g@t.co,Male,2019-12-18,Aquamarine
Lazarus,Bispham,lbispham5h@phpbb.com,,2015-05-23,Indigo
Teresita,,tdalwis5i@meetup.com,Male,2000-08-25,Crimson
Donavon,Crinage,dcrinage5j@zdnet.com,Female,2016-03-11,
Lorrayne,Dmitrovic,ldmitrovic5k@oracle.com,Female,2013-07-16,Mauv
Ignatius,Postans,ipostans5l@google.ca,Male,2013-09-20,Teal
Chandra,Emberton,cemberton5m@arizona.edu,Female,1996-08-18,
Reiko,Loddy,,Female,2012-03-09,
Zachary,Zieme,zzieme5o@gnu.org,,2018-07-30,Turquoise
Georgianne,Pahl,gpahl5p@creativecommons.org,Male,1990-02-17,
Alene,Lemon,alemon5q@intel.com,Bigender,2006-05-18,Mauv
Benedikta,Walework,,Female,2006-08-28,Khaki
Brianna,Issacov,bissacov5s@blogger.com,Female,2011-04-04,Crimson
Inessa,Mouton,imouton5t@themeforest.net,Male,2004-09-09,Pink
Hamel,Doorly,hdoorly5u@spotify.com,Female,2006-06-29,Violet
Ashby,Mattschas,,Male,2018-08-02,Indigo
Patti,Haisell,phaisell5w@hao123.com,Male,2014-07-22,Crimson
Cully,Strother,cstrother5x@apple.com,Female,1998-09-22,Puce
Evelin,Brann,ebrann5y@google.pl,Male,1999-05-06,Violet
Serge,Janous,sjanous5z@pbs.org,Polygender,2003-10-19,
Robbie,Geraldez,rgeraldez60@ebay.co.uk,Male,2017-07-27,Orange
Thorpe,Klejna,tklejna61@state.gov,Male,2014-01-20,Aquamarine
Phedra,Gilliam,pgilliam62@ameblo.jp,Female,1991-01-29,Indigo
Gerda,Smallpeace,,Male,2019-02-06,Aquamarine
Errick,Reichert,,Male,2006-04-22,Goldenrod
Willi,,wstoacley65@yolasite.com,Agender,2019-11-26,Crimson
Marin,Gorries,mgorries66@shutterfly.com,,2008-01-17,Fuscia
Christa,Semonin,csemonin67@ucla.edu,Female,2002-02-11,Turquoise
Gibbie,,gwhitewood68@xrea.com,Female,1997-10-24,Violet
Sebastien,Francesc,sfrancesc69@1und1.de,Female,2016-07-08,Indigo
Way,Brameld,wbrameld6a@1und1.de,Male,1993-08-04,Pink
Krista,McTavish,kmctavish6b@amazon.co.uk,Male,2001-02-24,Yellow
Jacqui,Edmand,jedmand6c@csmonitor.com,Male,2019-10-10,Aquamarine
Inesita,Dulling,idulling6d@pcworld.com,Female,1999-04-19,Violet
Eolande,Brahm,ebrahm6e@t-online.de,Female,2003-09-26,Blue
Candida,Flew,,Non-binary,2011-01-02,Turquoise
Raviv,Lukacs,rlukacs6g@redcross.org,Agender,2017-12-15,Goldenrod
Dilly,Loxly,dloxly6h@salon.com,Female,2006-11-01,Violet
Janina,Mac Geaney,,Female,1991-01-05,Crimson
Kristoffer,Ertelt,,Female,2011-01-12,Indigo
Latashia,Middas,lmiddas6k@list-manage.com,Male,1997-04-24,Goldenrod
Sherwin,Issacof,sissacof6l@diigo.com,Female,2001-08-30,Violet
Antonia,Licciardo,alicciardo6m@xrea.com,Male,2017-05-29,Teal
Jobi,Wadesworth,,Female,2001-09-09,Aquamarine
Nance,Moon,nmoon6o@foxnews.com,Male,2008-11-18,Maroon
Raine,Reagan,rreagan6p@mac.com,Male,2005-04-25,Violet
Emelina,Skeemer,eskeemer6q@purevolume.com,Female,1994-06-20,Aquamarine
Melany,Goundsy,,Female,2018-02-12,Red
Janaye,Reach,jreach6s@yellowpages.com,Female,2005-11-06,Goldenrod
Gael,Twentyman,gtwentyman6t@upenn.edu,Female,2004-10-24,Crimson
Allie,Nowakowska,,Female,2018-05-19,
Henderson,O'Lunny,holunny6v@cafepress.com,Male,2017-06-26,Violet
Othilie,Botler,obotler6w@globo.com,Male,2007-07-29,Mauv
Burr,Acomb,bacomb6x@apache.org,Female,1992-06-17,Maroon
Stefania,Peniman,speniman6y@nature.com,Female,1991-08-22,Mauv
Kelli,Manzell,kmanzell6z@unesco.org,Female,2020-05-21,Purple
Robbin,Buckleigh,rbuckleigh70@nationalgeographic.com,Male,2019-08-17,
Baron,Queste,bqueste71@wsj.com,Male,2000-03-26,Crimson
Cicely,Fawdry,cfawdry72@sphinn.com,Female,2021-02-18,Aquamarine
Chloe,Andreone,,,2019-04-10,Teal
Monte,Sign,msign74@examiner.com,Male,2004-03-29,Fuscia
Austen,Dumini,adumini75@eventbrite.com,Male,1996-01-16,Orange
Yardley,Vallens,yvallens76@newsvine.com,Male,2009-03-07,Maroon
Adaline,Scarisbrick,ascarisbrick77@wikipedia.org,Female,2002-03-03,Red
Anjanette,Ewers,aewers78@cnbc.com,Male,2003-07-10,Orange
Kaila,Schimmang,kschimmang79@webnode.com,Male,1992-02-10,Mauv
Hynda,McEvoy,,Male,1991-09-01,Indigo
Tanner,Chadbourne,tchadbourne7b@hatena.ne.jp,Male,2002-09-28,Violet
Gerty,Everton,,Female,1994-01-10,Red
Salomone,Camble,scamble7d@dropbox.com,Male,1999-12-14,Mauv
Alexio,Bidewell,abidewell7e@cdbaby.com,Male,2008-08-10,Teal
Brittani,Charge,,Female,1995-10-09,Khaki
Celle,Hellis,chellis7g@amazon.de,,2011-08-01,Blue
Shanon,Caile,scaile7h@ihg.com,Female,2015-12-02,Mauv
De,Gabbidon,,Female,2007-06-25,Mauv
Cilka,Killingsworth,ckillingsworth7j@fema.gov,,2008-11-02,Green
Fae,Squeers,fsqueers7k@princeton.edu,Male,1993-03-10,
Ferdy,Borer,,,1991-12-08,Khaki
Astrix,Rackam,arackam7m@buzzfeed.com,Female,2013-04-10,Goldenrod
Ford,Gehrts,fgehrts7n@fotki.com,Male,2021-04-06,Yellow
Dal,Queyos,dqueyos7o@twitter.com,Male,2015-02-11,Crimson
Duke,Sargerson,,,2010-01-02,Purple
Cynde,Fritz,,Male,1996-09-25,Purple
Lavena,Acedo,lacedo7r@fastcompany.com,Male,1994-04-26,Maroon
Ofella,Edy,oedy7s@miitbeian.gov.cn,Non-binary,2004-11-11,Khaki
Eula,Robertacci,,Female,1997-04-05,Fuscia
Yale,Sloy,ysloy7u@fc2.com,Female,2009-06-14,
Creighton,Dodworth,cdodworth7v@fda.gov,Female,2011-11-01,Indigo
Ethelin,Caisley,ecaisley7w@reddit.com,Female,2011-12-04,
Karol,Gwinnett,kgwinnett7x@drupal.org,Male,2000-04-27,Fuscia
Berta,Dyment,bdyment7y@xinhuanet.com,Female,1995-11-20,Mauv
Quent,Lochet,,Female,2009-04-05,Red
Richmond,Johansen,rjohansen80@imdb.com,Female,1995-04-16,Green
Bonnee,Howbrook,bhowbrook81@slideshare.net,Male,1992-06-08,Crimson
Port,Braine,pbraine82@google.pl,Non-binary,2001-04-28,Green
Putnam,MacMarcuis,pmacmarcuis83@amazon.co.uk,,2007-01-08,Puce
Elsinore,Blizard,eblizard84@google.pl,,2017-08-30,Red
Anetta,Matches,,Female,2003-12-15,Purple
Suzie,Larrad,slarrad86@mapquest.com,Male,2017-10-10,Yellow
Terrie,Gobel,tgobel87@altervista.org,Female,2006-11-14,Goldenrod
Irv,Malinson,imalinson88@acquirethisname.com,Female,1999-05-01,Puce
Lurline,Sinderson,,Male,1997-09-17,Purple
Priscella,Attwill,,Female,1992-11-09,Goldenrod
Bartholemy,Allsebrook,ballsebrook8b@nytimes.com,Female,2009-07-14,
Theo,Haggith,thaggith8c@photobucket.com,Female,2012-03-10,Pink
Marla,Revell,mrevell8d@mapy.cz,Female,1992-08-20,Maroon
Constancia,Evetts,cevetts8e@livejournal.com,Male,2002-04-20,Orange
Gaby,Barrie,gbarrie8f@topsy.com,Male,2007-07-01,Teal
Quincy,Mateescu,qmateescu8g@github.io,Female,1994-10-07,Puce
Mariellen,Salazar,msalazar8h@mtv.com,Male,2012-11-17,Teal
Kalle,Hunting,khunting8i@ameblo.jp,Female,2015-03-04,
Anneliese,Trigwell,atrigwell8j@ox.ac.uk,Male,2006-12-07,
Kane,Debney,kdebney8k@skyrock.com,Female,1999-10-15,Aquamarine
Nancie,Culpan,nculpan8l@alibaba.com,Female,1995-12-15,Mauv
Valentino,Alps,,Male,1990-07-11,
Jephthah,Pizzey,jpizzey8n@flickr.com,,1997-10-17,Violet
Silvia,Le Galle,slegalle8o@marriott.com,Male,2003-11-11,Mauv
Laure,Farryn,lfarryn8p@ucoz.ru,Male,2014-02-14,
Neala,Cowderoy,,Agender,2009-10-10,Indigo
Pall,Rowaszkiewicz,prowaszkiewicz8r@furl.net,Female,1991-03-11,Teal
Elva,Sandilands,esandilands8s@diigo.com,Male,2021-09-07,Red
Ardene,Hoggan,ahoggan8t@ucla.edu,,2019-09-19,Turquoise
Rosanne,Leyson,rleyson8u@dropbox.com,Female,2021-10-26,Crimson
Magdaia,Oherlihy,moherlihy8v@spiegel.de,Male,1996-08-05,Violet
Keri,Maytum,kmaytum8w@photobucket.com,Female,2008-11-17,
Dru,Stirland,dstirland8x@wufoo.com,Male,2009-01-10,Maroon
Ximenez,Dyzart,xdyzart8y@yellowpages.com,Female,1997-07-25,Khaki
Eustace,Treleven,,Female,1994-11-14,Pink
Conny,Frantsev,cfrantsev90@wikia.com,Male,2001-08-25,Teal
Cirstoforo,Gundry,cgundry91@rambler.ru,,1998-03-22,Khaki
Melissa,Keer,,,1996-06-05,Purple
Maximilianus,Capaldo,mcapaldo93@ibm.com,Female,1991-04-16,Green
Jocelyn,Buffin,jbuffin94@google.es,Male,2002-07-01,Turquoise
Giraldo,Lequeux,,Female,2010-04-12,Khaki
Ryan,Pacht,,Female,2012-02-17,Fuscia
Allard,Davoren,adavoren97@bigcartel.com,Male,2001-09-20,Green
Sibbie,Stowell,,Female,2000-01-08,Mauv
Ervin,Habert,,Male,1992-07-29,Violet
Bernette,Dominec,bdominec9a@loc.gov,Male,2015-01-31,Purple
Gibby,Bydaway,gbydaway9b@tamu.edu,Female,2015-11-14,Red
Dyane,Melmore,dmelmore9c@mashable.com,Female,2002-06-21,Blue
Lonee,Luckin,lluckin9d@springer.com,,2002-08-02,Aquamarine
Lulita,Dooley,ldooley9e@instagram.com,Female,2017-07-27,Pink
Darlleen,Hardesty,dhardesty9f@youtube.com,Female,2005-01-26,Indigo
Randall,Ivashkin,rivashkin9g@miitbeian.gov.cn,Female,2016-09-18,Violet
Georgine,Swaffer,gswaffer9h@google.ru,Female,1991-04-09,Pink
Evangelina,Rose,erose9i@alibaba.com,Female,2013-09-21,Teal
Walsh,Hadlington,whadlington9j@blogs.com,Male,2004-09-12,Fuscia
Val,Drayn,,Male,1990-12-25,Blue
Hermon,Espy,hespy9l@admin.ch,Male,2019-10-19,Orange
Pate,Glentz,pglentz9m@china.com.cn,Female,2020-03-04,Blue
Bernardine,Rawls,brawls9n@infoseek.co.jp,Female,2013-01-14,Red
Shamus,Chittim,schittim9o@stanford.edu,Male,2017-08-12,Aquamarine
Bartholemy,Kenninghan,bkenninghan9p@123-reg.co.uk,Female,2021-05-07,Yellow
Ranice,De Gogay,rdegogay9q@printfriendly.com,Female,2007-08-05,Yellow
Chrotoem,,,Male,1996-06-12,Teal
Hannis,Bassill,hbassill9s@pinterest.com,Male,2012-08-24,Fuscia
Ana,Taggett,,Female,2016-02-19,
Noel,Leguey,nleguey9u@about.com,Female,2018-03-20,Green
Shandy,Matus,smatus9v@seesaa.net,Male,1992-09-15,
Lethia,Ferrettino,,Male,2004-06-20,
Brina,Benito,,Male,2008-10-22,Green
Nowell,Rogerot,nrogerot9y@bbc.co.uk,,1994-08-21,
Tatiania,Moreinis,tmoreinis9z@craigslist.org,Male,1991-01-23,Crimson
Solly,Titterell,stitterella0@wp.com,Non-binary,2021-01-22,Purple
Siward,Bamforth,sbamfortha1@webeden.co.uk,Agender,2020-01-18,Yellow
Nobie,Greenhaugh,ngreenhaugha2@soundcloud.com,Male,2005-07-17,Green
Kerr,,kschumachera3@soup.io,Male,2001-07-13,
Ann-marie,McVrone,,Male,2014-11-20,Indigo
Merrick,MacFall,mmacfalla5@mapquest.com,,2010-04-26,Teal
Alaric,Siemens,asiemensa6@archive.org,Male,2005-11-19,
Avie,Cestard,acestarda7@woothemes.com,Female,2019-12-05,Turquoise
Torin,Bolt,tbolta8@craigslist.org,Female,2013-07-06,Violet
Nobie,Soigne,,Male,1999-01-14,Violet
Trudey,Liptrot,,Non-binary,2021-03-30,Fuscia
Alexandr,Spikeings,,Female,1993-11-10,Violet
Jennica,Laflin,jlaflinac@storify.com,Female,2016-07-10,Khaki
Delaney,Banfield,dbanfieldad@imageshack.us,,2003-05-26,Turquoise
Bennett,Staddart,bstaddartae@archive.org,Male,1995-08-08,Maroon
Biddy,Goodswen,bgoodswenaf@blinklist.com,Female,1991-06-30,Red
Eal,Maryin,,Male,2009-02-11,Crimson
Nalani,Dumbreck,ndumbreckah@shinystat.com,Polygender,2021-04-09,Green
Helyn,Brabbins,hbrabbinsai@forbes.com,Female,2006-01-05,Khaki
Budd,Toten,btotenaj@google.com.br,Male,2015-10-03,Mauv
Alejoa,Kobierski,akobierskiak@skype.com,Male,1990-07-27,Orange
Penni,Dow,pdowal@mit.edu,Female,2015-02-26,Blue
Hart,Bummfrey,hbummfreyam@eventbrite.com,Male,1996-11-09,Indigo
Lian,Spurdens,lspurdensan@list-manage.com,Female,2016-10-09,Blue
Joshua,Gillott,jgillottao@google.cn,Male,1997-11-20,Green
Costanza,Downs,,Male,2005-03-14,Violet
Aloin,,aglendinningaq@google.fr,Female,2016-10-11,Yellow
Sayer,Landells,slandellsar@walmart.com,Male,2013-11-12,Teal
Silvanus,Sallter,ssallteras@vistaprint.com,Male,1992-11-28,Aquamarine
Giulio,Sarl,gsarlat@com.com,,1994-07-31,Pink
Glen,Vitler,gvitlerau@mlb.com,Male,2015-04-28,Crimson
Avril,Ferreo,aferreoav@squarespace.com,Male,1999-09-30,Goldenrod
Stefa,Danielou,sdanielouaw@ucla.edu,Female,1993-05-26,Violet
Dewitt,Yakushkev,dyakushkevax@mozilla.org,Female,2013-09-29,Mauv
Tildy,Gaywood,tgaywooday@photobucket.com,Male,2005-05-22,Pink
Paulette,Rowntree,prowntreeaz@goo.gl,Female,2016-02-29,Yellow
Hayes,Strognell,hstrognellb0@sitemeter.com,Female,2000-10-25,Green
Nonah,Eyam,neyamb1@wunderground.com,Female,2020-05-25,Goldenrod
Nyssa,Sumpner,nsumpnerb2@newsvine.com,Male,1991-06-13,Turquoise
Milzie,Jessel,mjesselb3@php.net,Male,2003-02-18,Pink
Aleen,Sherston,asherstonb4@reference.com,,2015-06-21,Purple
Etty,Hallgalley,ehallgalleyb5@shinystat.com,Male,2015-07-15,Yellow
Alley,Willstrop,,Male,2001-01-29,Purple
Hamid,Wadeling,hwadelingb7@wikispaces.com,Polygender,2018-02-13,Khaki
Phyllis,Whipple,pwhippleb8@cnbc.com,Female,1990-03-07,Puce
Ronica,Schechter,rschechterb9@tamu.edu,Male,1990-05-31,Red
Corbie,Leon,cleonba@nydailynews.com,Female,1992-12-09,Pink
Ferdy,Joscelyne,fjoscelynebb@1und1.de,Male,2006-01-12,Yellow
Corrina,Dolbey,cdolbeybc@seesaa.net,Male,2018-05-09,Goldenrod
Wilie,Salling,,Male,2020-02-29,Khaki
Mathilda,Cherryman,mcherrymanbe@who.int,,2006-01-14,Violet
Lorilyn,Esberger,,Male,2015-07-18,Maroon
Nikolaos,Flageul,nflageulbg@bravesites.com,Male,1995-03-23,Teal
Nels,Knowlton,nknowltonbh@dell.com,Non-binary,2012-10-26,Pink
Dania,Hallock,dhallockbi@msn.com,Male,1998-04-01,Pink
Roxana,Androck,randrockbj@sbwire.com,Male,2009-07-27,Pink
Alisha,Crippell,acrippellbk@wikimedia.org,Female,2020-01-07,Fuscia
Whit,Thatcham,wthatchambl@blogs.com,Male,1994-01-08,
Remy,,rluddybm@craigslist.org,Male,2002-03-14,Turquoise
Boris,Lyven,blyvenbn@nsw.gov.au,Female,2015-06-27,Fuscia
Arlina,Domerq,adomerqbo@auda.org.au,Male,2008-03-16,Indigo
Fey,Wilmot,fwilmotbp@aol.com,Female,2015-05-06,
Betsey,O'Heneghan,boheneghanbq@cnet.com,,2010-11-01,Red
Shena,Dorie,,Female,2000-01-27,Pink
Enrichetta,Elvidge,,Male,2005-05-29,
Waylon,Akhurst,wakhurstbt@imgur.com,Female,2002-11-03,Orange
Toby,Polamontayne,tpolamontaynebu@ustream.tv,Male,2005-10-23,Orange
Doralyn,Brokenshaw,dbrokenshawbv@dmoz.org,Genderqueer,2016-10-06,Khaki
Arch,Stobbie,astobbiebw@dailymail.co.uk,Male,1999-02-25,Teal
Thorin,,tscimonellibx@nydailynews.com,Female,2018-08-22,Maroon
Netty,MacRorie,nmacrorieby@behance.net,Male,1995-03-23,Teal
Neron,Francois,,Male,2015-11-12,Turquoise
Brit,Gardiner,bgardinerc0@home.pl,Agender,2016-06-13,Puce
Esta,Hamfleet,ehamfleetc1@jugem.jp,Male,2006-01-09,Teal
Leonidas,Lothean,,Female,1994-05-11,Purple
Florenza,Little,flittlec3@mysql.com,Male,2001-03-23,
Ave,Esterbrook,aesterbrookc4@state.tx.us,,2004-04-10,Turquoise
Kenn,,,Female,2018-01-18,Fuscia
Tallie,Courtonne,tcourtonnec6@fema.gov,Female,2012-04-07,Puce
Marsiella,Calcutt,,Agender,2004-07-08,Goldenrod
Tressa,Lorey,,Non-binary,1992-03-29,Teal
Anallise,Guilloux,aguillouxc9@jimdo.com,,2020-02-26,Orange
Dani,Goddert.sf,dgoddertsfca@amazon.de,Non-binary,2014-04-13,Fuscia
Der,Holleran,dhollerancb@soundcloud.com,Female,1997-01-24,Goldenrod
Darbie,Brightman,dbrightmancc@psu.edu,Male,2012-05-25,Blue
Jim,Osgorby,,Male,2010-03-12,Yellow
Lani,Gormally,lgormallyce@pbs.org,Male,2006-07-03,Turquoise
Jeanine,Beamand,,Male,1997-02-27,
Luciano,Pomery,,Bigender,1999-10-08,Violet
Chaunce,Ellson,cellsonch@addthis.com,Male,2017-11-12,Crimson
Belita,Banane,bbananeci@yandex.ru,,2018-09-12,Teal
Raul,Danzig,rdanzigcj@sohu.com,Male,2015-11-18,Violet
Courtney,Brockton,cbrocktonck@engadget.com,Female,2017-06-03,Puce
Karel,Culley,kculleycl@pbs.org,Male,1992-12-08,Blue
Barrett,Duxbarry,bduxbarrycm@jimdo.com,Non-binary,1994-02-10,
Xavier,McDyer,xmcdyercn@tmall.com,Male,2017-12-13,Goldenrod
Lyssa,Dobbs,,Female,2013-07-04,
Maggee,Pressey,,Male,2002-10-15,Teal
Niccolo,Culver,nculvercq@artisteer.com,Genderqueer,2011-12-30,Purple
Terri,Versey,tverseycr@creativecommons.org,Female,2014-08-18,Goldenrod
Fredric,Grotty,fgrottycs@list-manage.com,Male,2009-02-27,Mauv
Mitch,Strete,,Non-binary,2013-09-18,
Alisa,Witherop,awitheropcu@dell.com,Male,2009-08-05,Maroon
Brice,Mozzini,bmozzinicv@webmd.com,Male,2021-07-08,Aquamarine
Bogart,Kinworthy,,Male,2009-04-19,Purple
Brandea,Baumer,bbaumercx@meetup.com,Female,2011-11-01,Green
Jonathan,Risman,jrismancy@odnoklassniki.ru,Male,1994-01-03,Green
Aland,Olle,,Male,1997-01-26,Purple
Bethany,Stoppe,bstopped0@wix.com,Male,1991-02-11,Pink
Cosetta,Truce,ctruced1@sina.com.cn,Genderfluid,1994-05-28,Puce
Cherise,Janicki,,Male,2005-09-21,Maroon
Pammi,Secombe,psecombed3@wikimedia.org,Male,2015-03-19,Fuscia
Jacquetta,Drewitt,jdrewittd4@google.com.br,Male,2012-10-26,Goldenrod
Ediva,Bassom,ebassomd5@macromedia.com,,2013-05-02,Crimson
Dreddy,Zeal,dzeald6@omniture.com,Female,1999-09-09,Khaki
Kippie,Bawdon,kbawdond7@unicef.org,Male,2021-07-20,Maroon
Panchito,Domenicone,pdomeniconed8@webeden.co.uk,Female,2015-04-09,Red
Christoforo,Goadbie,,Female,1998-09-11,Orange
Lonna,Banck,lbanckda@sourceforge.net,Female,2001-07-11,Green
Innis,Letten,ilettendb@psu.edu,Male,1991-01-31,Green
Lorne,McClifferty,lmccliffertydc@google.co.jp,Male,2013-02-05,Red
Nikos,,ngregorindd@accuweather.com,Female,2011-03-08,Mauv
Sibella,Sarl,,Male,2009-04-15,Pink
Amy,Emett,aemettdf@scribd.com,Male,1994-01-23,Violet
Bill,Liddyard,bliddyarddg@reference.com,Male,2000-02-06,Teal
Charlotta,Bourdel,,,1995-05-29,Teal
Jillane,Bremmell,jbremmelldi@wunderground.com,Male,2019-05-03,Fuscia
Linea,Offer,lofferdj@alexa.com,Male,1991-11-04,Yellow
Reba,Carwithen,rcarwithendk@berkeley.edu,Female,2010-08-10,Pink
Finn,Piggins,fpigginsdl@stumbleupon.com,Polygender,1992-04-21,Pink
Luelle,Wadmore,lwadmoredm@rediff.com,Male,2008-03-23,
Nelia,Ossulton,,Male,1992-07-31,Fuscia
Candra,Pressdee,cpressdeedo@businesswire.com,Female,2007-03-06,Mauv
Kaitlin,De Laci,kdelacidp@vinaora.com,Male,1991-06-02,Violet
Aila,Hook,ahookdq@aol.com,Female,2006-07-04,Khaki
Marcy,Koeppe,mkoeppedr@hc360.com,Bigender,2006-12-13,Green
Lowe,Fransson,lfranssonds@hubpages.com,Male,2006-06-12,Yellow
Tracee,Corking,,Genderfluid,2002-06-04,Green
Candra,Ciciotti,,Male,1995-03-10,Aquamarine
Georgette,Ogilvy,,,1998-01-29,Red
Alf,Bricknall,abricknalldw@pagesperso-orange.fr,Female,1995-12-29,Puce
Trenna,Trimbey,ttrimbeydx@symantec.com,Female,2000-08-14,Goldenrod
Philippine,Halley,phalleydy@cnn.com,Male,2005-01-07,Mauv
Gerrie,Nore,gnoredz@unesco.org,Male,2011-01-16,Blue
Lyda,Swainston,lswainstone0@free.fr,Male,2006-11-18,Violet
Sonnnie,Matzeitis,smatzeitise1@japanpost.jp,Agender,2006-05-22,
Henryetta,Tumasian,htumasiane2@bandcamp.com,Female,2020-10-22,Crimson
Cly,Cinnamond,ccinnamonde3@yellowbook.com,Non-binary,1990-06-08,Maroon
Reggi,Callum,rcallume4@archive.org,Female,2008-08-03,Fuscia
Tiebold,,tclewese5@vk.com,Female,2008-12-29,Teal
Verina,Sains,,Female,2020-03-09,Aquamarine
Antonina,Petters,,,1996-03-28,Teal
Ulla,Garnham,ugarnhame8@cyberchimps.com,Male,1990-08-25,Yellow
Candy,Banister,,Agender,2016-04-17,Mauv
Sheba,Vasyukhin,svasyukhinea@php.net,Male,1994-08-07,Puce
Barth,Fillary,,Female,2009-09-04,
Niall,Mandal,nmandalec@xrea.com,Agender,1998-06-13,Fuscia
Alice,Gerrit,agerrited@facebook.com,Female,2003-10-05,Crimson
Flinn,Ollett,follettee@artisteer.com,Male,1997-02-10,Orange
Gweneth,Belle,,Male,2003-04-11,Red
Wilek,Triplett,wtripletteg@exblog.jp,Non-binary,1998-09-05,
Nikolai,Fyall,,Female,2008-04-22,
Maitilde,Pedracci,,Male,2009-09-01,Green
Andy,Schelle,,Male,2000-05-03,Purple
Haskel,Massot,hmassotek@si.edu,Non-binary,2018-12-01,
Hanson,Bartel,hbartelel@wikia.com,Male,2014-12-31,Pink
Belvia,Wagg,bwaggem@yolasite.com,Female,2019-11-01,Fuscia
Berny,Mitchener,bmitcheneren@ihg.com,Male,2003-06-23,Red
Romona,Audus,rauduseo@google.co.jp,Female,2021-01-05,Indigo
Elke,Iacovazzi,,Female,2002-10-06,Fuscia
Casie,Mashal,,Male,2006-01-16,
Huey,Cribbott,hcribbotter@1und1.de,Male,1999-10-12,Teal
Robena,Brill,rbrilles@slashdot.org,Non-binary,1990-02-25,Orange
Horatius,Phillp,hphillpet@constantcontact.com,Male,1991-04-20,Green
Ada,Machin,amachineu@amazon.co.jp,Female,1991-07-13,
Hercules,Rzehorz,hrzehorzev@csmonitor.com,Male,2010-12-01,Violet
Alexandra,Collcutt,acollcuttew@mac.com,Female,2021-04-28,
Ardyce,Halms,ahalmsex@usatoday.com,Female,2007-07-14,Crimson
Wallie,Seefeldt,wseefeldtey@flickr.com,Male,1995-10-30,Indigo
Jolene,Caley,jcaleyez@newsvine.com,Male,1996-11-10,
Karney,Barkus,kbarkusf0@quantcast.com,Male,1997-12-27,Green
Astrix,Dulwich,adulwichf1@tumblr.com,Male,2019-11-23,Blue
Consuelo,Kembley,ckembleyf2@sakura.ne.jp,Male,2002-11-29,
Hammad,Fasset,,Female,2016-01-30,Green
Karlyn,Orrill,korrillf4@reference.com,Male,1995-08-18,Crimson
Alameda,Do Rosario,,Female,1993-03-25,
Vi,Sawtell,vsawtellf6@liveinternet.ru,Female,2021-10-05,Purple
Brantley,Willisch,bwillischf7@answers.com,Female,2004-03-11,Mauv
Erminie,Brose,ebrosef8@noaa.gov,Male,1998-09-16,
Magdalena,Arpin,marpinf9@opera.com,Female,2004-11-22,Green
Anatollo,Dowears,adowearsfa@istockphoto.com,Female,1997-12-14,Yellow
Lane,Bolsteridge,lbolsteridgefb@loc.gov,Male,1992-11-09,Violet
Quinn,Dearsley,qdearsleyfc@arizona.edu,Female,1991-12-20,
Leontyne,Sogg,lsoggfd@spiegel.de,,2006-05-09,Mauv
Dione,Challener,dchallenerfe@qq.com,Female,1999-01-28,Pink
Madalena,Lander,mlanderff@mit.edu,,2014-04-07,Orange
Tore,Betty,tbettyfg@123-reg.co.uk,Female,1991-01-16,Purple
Troy,Tresise,,Male,1998-09-14,Purple
Margie,Baggelley,mbaggelleyfi@stanford.edu,Male,2000-05-27,
Martin,Gustus,mgustusfj@fastcompany.com,Male,2000-06-23,Khaki
Filide,Nicklen,fnicklenfk@salon.com,Male,1993-05-18,Green
Patten,Teggin,,Female,2020-08-15,Puce
Waylin,Tunnow,,Polygender,1993-08-04,Pink
Tobye,Lansley,tlansleyfn@europa.eu,Male,2001-07-27,Goldenrod
Montgomery,Rossi,mrossifo@chronoengine.com,Female,2011-07-13,Fuscia
Sarge,Kynman,skynmanfp@irs.gov,Female,2017-09-26,Turquoise
Lydon,Barkworth,,Male,2015-09-23,Blue
Ianthe,McKirton,imckirtonfr@twitpic.com,Female,2012-11-19,Khaki
Torrie,Blouet,,,1999-07-17,Green
Rubia,De La Salle,,Female,2010-07-12,Maroon
Nathaniel,Cattlow,ncattlowfu@godaddy.com,Female,2016-12-17,
Carie,Adamczewski,cadamczewskifv@g.co,Female,2019-07-18,Violet
Conway,Fomichyov,cfomichyovfw@unicef.org,Non-binary,2009-05-24,Purple
Jenda,Checchi,jchecchifx@4shared.com,Male,1991-12-11,Crimson
Lesly,Tarn,ltarnfy@zdnet.com,Female,1994-01-24,Blue
Marisa,Firbank,mfirbankfz@businesswire.com,Female,2008-12-13,Puce
Em,Aikenhead,eaikenheadg0@google.co.uk,Female,1993-04-10,Maroon
Zeb,Bartkowiak,zbartkowiakg1@telegraph.co.uk,Male,2003-07-27,Fuscia
Jake,Enos,jenosg2@cocolog-nifty.com,Female,1993-11-03,Maroon
Andee,Spearing,aspearingg3@google.de,Female,1994-07-28,Yellow
Joete,Dellit,,Male,2009-12-01,Violet
Ode,Swyer,oswyerg5@friendfeed.com,Female,2005-12-11,Purple
Hedvig,de Werk,hdewerkg6@sphinn.com,Male,2021-07-19,Indigo
Tommy,Bigland,,Female,2002-11-19,Aquamarine
Jackelyn,Leeke,jleekeg8@typepad.com,Bigender,2001-01-29,Fuscia
Glynda,Olenin,golening9@acquirethisname.com,Female,2006-05-17,Goldenrod
Arnold,Garlette,agarlettega@abc.net.au,Male,2003-06-30,Purple
Brewster,Fehely,bfehelygb@theglobeandmail.com,,1992-09-07,
Donna,Ditchburn,,Non-binary,2008-05-30,Goldenrod
Christoph,Popov,cpopovgd@ameblo.jp,Male,1995-01-01,Maroon
Moina,Bendik,mbendikge@dell.com,Male,1992-07-11,Maroon
Esme,Dove,edovegf@blog.com,Female,1995-09-14,Red
Addie,Livings,alivingsgg@fc2.com,Female,1995-11-23,Green
Lisbeth,McAllan,,Female,2007-09-22,
Sallyanne,Czajkowska,,Female,2006-08-16,Yellow
Lannie,Coast,,Female,2000-09-26,Green
Ebony,Marzelle,emarzellegk@t-online.de,Male,2013-07-27,Green
Margareta,Lorkins,mlorkinsgl@yelp.com,Male,1993-12-03,Orange
Iggie,Diable,,Male,2009-10-06,Crimson
Licha,Plaxton,lplaxtongn@printfriendly.com,Male,1990-03-09,Mauv
Lelia,Middell,lmiddellgo@google.com,Male,2006-03-22,
Crin,Bolter,cboltergp@smugmug.com,Male,1999-12-22,Pink
Florri,Swadon,fswadongq@bigcartel.com,Female,2003-03-23,Goldenrod
Denice,Gookey,dgookeygr@paypal.com,Agender,2019-04-26,Aquamarine
Geri,Gilluley,,Female,2018-07-24,Violet
Pam,,pryegt@about.com,Female,1996-10-23,Aquamarine
Matthaeus,Bakes,mbakesgu@posterous.com,,2015-11-18,Blue
Jenn,Szreter,jszretergv@mozilla.com,Male,1995-04-30,Teal
Nicolina,Woolrich,nwoolrichgw@nydailynews.com,Male,2006-09-20,
Adams,Brayshay,,Female,1996-12-16,Pink
Doralia,Eley,deleygy@fotki.com,Female,2012-02-25,Khaki
Leilah,Bernardez,,Male,2001-11-29,Crimson
Carolus,Discombe,cdiscombeh0@cdc.gov,Male,2019-09-04,Violet
Celeste,Cow,ccowh1@intel.com,Male,2016-05-24,Purple
Tamera,Lupson,tlupsonh2@howstuffworks.com,Female,1998-09-05,Yellow
Wiley,Arber,,Male,2019-12-06,Yellow
Cory,Camoletto,ccamolettoh4@prnewswire.com,Male,1991-08-20,Goldenrod
Archie,Maruska,amaruskah5@utexas.edu,Female,1998-02-18,Puce
Brittne,Grieg,bgriegh6@mapquest.com,Agender,2011-05-14,Blue
Wilmer,Ibarra,wibarrah7@networksolutions.com,Male,2005-08-24,Green
Jemima,Rhymer,,Male,1993-04-08,Crimson
Arleyne,Giscken,,Male,2012-04-05,Fuscia
Ray,Senyard,rsenyardha@walmart.com,Male,2019-08-20,Violet
Jerome,Blewmen,jblewmenhb@examiner.com,Female,2021-03-21,Mauv
Loralee,Daunay,ldaunayhc@ezinearticles.com,Female,2005-02-15,Teal
Sallyanne,Cant,,Male,2016-01-30,
Raimondo,Bilbery,rbilberyhe@comcast.net,Female,2005-07-14,
Chad,Gasnoll,cgasnollhf@taobao.com,Male,2006-02-12,Orange
Ranice,Beefon,rbeefonhg@tripadvisor.com,Male,1999-06-19,
Simon,Latimer,slatimerhh@wikipedia.org,Non-binary,2020-11-16,Goldenrod
Thom,Lathleiffure,tlathleiffurehi@nbcnews.com,Male,2017-10-02,Orange
Merry,Eckersley,meckersleyhj@github.io,Male,2014-07-23,Aquamarine
Elsa,Challens,echallenshk@ebay.com,Male,2000-11-26,Puce
Chilton,Dron,cdronhl@intel.com,Male,2007-03-06,Goldenrod
Arabella,Koppe,akoppehm@jiathis.com,,2005-11-16,Teal
Patin,Bodycote,pbodycotehn@whitehouse.gov,Female,1991-10-29,Indigo
Mildred,Malzard,mmalzardho@marketwatch.com,Female,1990-11-25,Indigo
Anthony,Gatenby,agatenbyhp@statcounter.com,Female,2010-03-11,Green
Benni,Grocott,,Female,2011-02-17,Maroon
Almeria,Yanyushkin,,Female,2010-05-12,Fuscia
Guy,Fonso,gfonsohs@ycombinator.com,Male,2011-09-28,Red
Netty,Larsen,nlarsenht@google.nl,Male,2021-11-01,Purple
Ambros,Brinkler,abrinklerhu@globo.com,Male,2012-12-26,Red
Den,Lowder,dlowderhv@alexa.com,Polygender,2005-06-03,
Laughton,Eichmann,leichmannhw@forbes.com,Female,1997-12-07,Mauv
Sheffy,Arnet,sarnethx@fc2.com,Male,1999-04-11,Turquoise
Pen,,pgaskinshy@japanpost.jp,,1991-07-01,Green
Joel,Sazio,jsaziohz@lycos.com,Genderqueer,2008-10-09,Goldenrod
Shamus,DeSousa,sdesousai0@oaic.gov.au,Female,2020-04-16,
Ethel,Kryska,ekryskai1@smugmug.com,Male,1998-11-07,Crimson
Suzi,Scopham,,Male,2016-02-22,Violet
Sondra,Cronshaw,scronshawi3@sohu.com,Male,2006-07-07,Green
Marlyn,Mottley,mmottleyi4@fema.gov,,2014-01-25,
Ermengarde,Pountain,epountaini5@altervista.org,Genderqueer,2000-06-19,Blue
Janot,Kubista,jkubistai6@mysql.com,Female,2000-02-12,Violet
Georgena,Guite,gguitei7@europa.eu,,1997-06-26,Green
Vinnie,Dolley,vdolleyi8@nydailynews.com,Male,2018-03-03,Khaki
Deedee,Vinnicombe,dvinnicombei9@360.cn,Female,1993-06-24,Crimson
Codie,Bedlington,cbedlingtonia@opera.com,Male,1999-10-17,Pink
Nora,Brownill,nbrownillib@free.fr,Male,1999-02-06,Puce
Rene,Ridoutt,rridouttic@tumblr.com,Male,2004-06-27,Puce
Maurie,Honywill,mhonywillid@bluehost.com,Bigender,1994-11-21,Teal
Clarine,Cowup,ccowupie@irs.gov,,2018-07-19,Purple
Carmelia,Lightbourn,clightbournif@drupal.org,Female,2019-07-30,Red
Halimeda,Dolligon,hdolligonig@nymag.com,Male,1997-10-16,Mauv
Maisie,Meconi,mmeconiih@upenn.edu,Agender,1998-05-24,Teal
Gerry,Ram,gramii@macromedia.com,Polygender,2003-11-27,Green
Theodora,Ricioppo,tricioppoij@addtoany.com,,2000-05-17,Fuscia
Frank,O'Cooney,,Bigender,1992-09-15,
Yvon,Hardacre,yhardacreil@oaic.gov.au,Male,2017-03-20,Puce
Lacee,Megainey,lmegaineyim@godaddy.com,,2015-05-11,Crimson
Lars,Cavan,,Male,2016-07-18,Teal
Cecil,,cfontaineio@japanpost.jp,Male,1995-04-19,Crimson
Lissa,Kinder,lkinderip@tripod.com,Male,2015-06-01,Pink
Dell,Battyll,dbattylliq@ocn.ne.jp,Male,2007-03-19,Red
Doyle,Moretto,dmorettoir@cbc.ca,Male,1991-09-21,Turquoise
Reinald,Bollands,rbollandsis@blogspot.com,Male,2020-01-13,Blue
Dore,Mordan,,Male,2002-09-06,Yellow
Sheff,Cheeld,scheeldiu@prlog.org,Male,2021-03-07,Puce
Eda,Betchley,ebetchleyiv@smugmug.com,Female,2016-12-10,
Alisa,Farryn,afarryniw@ucoz.com,Male,1995-01-06,Pink
Kim,Kleinhaus,kkleinhausix@geocities.com,Female,2012-10-01,Violet
Bree,Richardsson,brichardssoniy@live.com,Male,2005-07-24,Red
Berta,Royall,broyalliz@sfgate.com,Male,2021-10-02,Khaki
Zonda,Farrear,zfarrearj0@t-online.de,Polygender,1997-11-05,Fuscia
Baird,Valde,bvaldej1@kickstarter.com,Male,2005-12-06,Aquamarine
Hewett,,,Male,1991-05-22,
Ardyth,Mabbs,amabbsj3@archive.org,Female,2014-07-09,Goldenrod
Amanda,Fessier,afessierj4@theatlantic.com,Female,2000-03-07,
Celesta,Coddington,ccoddingtonj5@opera.com,Female,2021-07-30,Purple
Maureen,Yakunin,,Male,1994-05-11,Khaki
Saunders,Le Brun,slebrunj7@51.la,Female,1993-05-31,Turquoise
North,Sindle,nsindlej8@ask.com,Female,2014-05-19,
Darnell,Hargroves,dhargrovesj9@cpanel.net,Male,2010-11-24,Blue
Hayward,Croston,hcrostonja@privacy.gov.au,Bigender,2002-04-21,Teal
Agneta,Gatward,,Female,2016-05-09,Fuscia
Cozmo,Gray,cgrayjc@wikimedia.org,Female,1993-12-07,Mauv
Kaspar,O'Bradden,kobraddenjd@slashdot.org,Male,2009-04-17,
Maria,Boyfield,mboyfieldje@howstuffworks.com,Male,2021-11-30,
Kaitlin,Woollam,kwoollamjf@ustream.tv,Male,1992-10-16,Goldenrod
Arturo,Dael,,Female,1998-04-19,Mauv
Twyla,Been,tbeenjh@craigslist.org,Female,2012-09-08,Red
Geoffrey,Degenhardt,gdegenhardtji@netvibes.com,Male,2019-07-23,Mauv
Maison,Bollon,mbollonjj@purevolume.com,Male,2010-07-04,Khaki
Lindie,Pressman,lpressmanjk@umich.edu,Male,2018-01-20,Indigo
Damien,Pettersen,dpettersenjl@histats.com,Female,2014-08-24,Goldenrod
Alexine,Picardo,apicardojm@ucla.edu,Male,1995-06-24,Purple
Fay,Lothlorien,flothlorienjn@weebly.com,Male,2007-12-05,Pink
Catina,Castano,ccastanojo@go.com,,2012-04-30,Purple
Raimondo,Pellett,rpellettjp@mit.edu,Female,1997-08-30,Crimson
Lev,Bowich,lbowichjq@theguardian.com,Male,2013-07-16,Indigo
Lesley,Sergeaunt,,Female,2011-02-11,Teal
Tova,Dowglass,tdowglassjs@ifeng.com,,2015-06-24,Pink
Shell,Jenton,sjentonjt@theglobeandmail.com,Female,1991-09-28,Green
Lemuel,,lrevellju@icio.us,Female,2010-06-09,Aquamarine
Shermy,Phonix,sphonixjv@linkedin.com,Female,2006-02-12,Aquamarine
Nickey,Armytage,narmytagejw@hatena.ne.jp,Female,2003-05-02,Teal
Karoline,McRamsey,kmcramseyjx@vkontakte.ru,Male,2000-10-11,Crimson
Jemie,Avraam,javraamjy@shinystat.com,Male,2020-03-07,Puce
Mort,Grebbin,mgrebbinjz@example.com,,1996-05-30,Purple
Jobye,Kubacek,jkubacekk0@house.gov,Female,2007-01-06,Red
Tricia,Philippson,tphilippsonk1@who.int,Female,1990-03-09,Green
Duffy,Milsap,,Female,2015-08-04,Pink
Kele,Boynton,kboyntonk3@squidoo.com,Female,2004-05-11,
Heida,Mollatt,hmollattk4@wired.com,Female,2010-03-03,Aquamarine
Gris,Quarrie,gquarriek5@economist.com,Male,2017-08-17,Teal
Elwyn,Konzel,ekonzelk6@linkedin.com,Male,2020-08-06,Indigo
Aurelea,Drepp,adreppk7@businesswire.com,Female,1990-06-23,Fuscia
Rosana,Pattesall,rpattesallk8@nps.gov,Female,2014-06-07,Indigo
Gratiana,Bettington,gbettingtonk9@usda.gov,Female,2001-08-15,
Rakel,Baldacchino,rbaldacchinoka@ehow.com,Male,2003-06-14,Turquoise
Malva,Bondesen,,Female,1997-08-02,Green
Benito,Stirgess,bstirgesskc@nifty.com,Male,2006-08-15,Maroon
Berkeley,Chamberlayne,bchamberlaynekd@wordpress.org,Female,2004-07-11,Pink
Sheri,Piccard,,,2019-07-26,Purple
Cyndi,Jillard,,Female,1991-07-19,Aquamarine
Querida,Cowdrey,,Non-binary,2013-07-06,Violet
Alvin,Haycraft,,Male,2020-01-31,Violet
Raddie,Twining,rtwiningki@istockphoto.com,Male,2000-02-14,Blue
Herve,Albers,halberskj@tmall.com,Male,2000-08-27,
Carroll,Sudron,csudronkk@yale.edu,Female,2011-05-11,Blue
Caren,Annies,cannieskl@census.gov,Female,2014-11-07,Khaki
Humberto,Fullerd,hfullerdkm@toplist.cz,Female,2012-05-14,Purple
Marybelle,Gyrgorcewicx,,Female,1999-02-17,Aquamarine
Obadiah,Bullin,obullinko@hubpages.com,Male,2015-04-21,Indigo
Todd,Gowar,tgowarkp@blogger.com,Male,1993-11-01,Puce
Ros,Klaussen,rklaussenkq@ca.gov,Male,1992-02-24,Mauv
Huntington,Morman,,,1993-05-21,Khaki
Jojo,Gray,jgrayks@nifty.com,Genderqueer,2006-10-19,
Burg,Sleicht,bsleichtkt@sphinn.com,Male,2007-08-17,Purple
Jan,Jefferys,,Male,2016-04-28,Yellow
Brita,Hastwell,,Female,1999-11-13,Yellow
Lissa,Lockyer,,Female,1999-06-23,Yellow
Lianne,Findlater,lfindlaterkx@posterous.com,Male,2001-04-07,Red
Tore,Orman,tormanky@ucla.edu,Female,1998-09-05,Indigo
Sloane,Shapcott,sshapcottkz@youtube.com,Female,2015-11-25,Teal
Mella,Morais,mmoraisl0@bluehost.com,,2008-08-03,Red
Giorgio,Palphreyman,gpalphreymanl1@woothemes.com,Female,2003-09-15,Violet
Davin,Raggatt,draggattl2@ucoz.ru,Male,2019-12-22,Aquamarine
Clyde,Earngy,cearngyl3@paypal.com,Male,2018-11-25,Mauv
Berkley,Beneix,,Male,2007-08-24,Indigo
Kore,Inderwick,kinderwickl5@hhs.gov,Female,1998-10-06,Fuscia
Shae,Carabine,scarabinel6@ibm.com,Female,1996-04-21,Fuscia
Karin,Huff,khuffl7@addthis.com,Female,2012-03-05,Puce
Desmond,Brewse,dbrewsel8@cocolog-nifty.com,Female,2014-08-12,Green
Claudette,Camin,ccaminl9@google.ru,Female,2012-06-23,Maroon
Gerrie,Shoobridge,gshoobridgela@reference.com,Female,2002-03-26,Turquoise
Meriel,Rumgay,mrumgaylb@amazon.com,Female,2016-10-26,Aquamarine
Sauncho,Bridgstock,,,2000-09-14,Yellow
Demeter,Knowlman,,Female,2008-08-18,
Georgeta,Penzer,gpenzerle@theguardian.com,Male,2018-03-26,Goldenrod
Jud,Bowden,jbowdenlf@yelp.com,Female,2013-04-05,Blue
Suellen,Paulino,,Male,1999-10-10,Orange
Dannye,Ryves,dryveslh@sfgate.com,Female,1998-07-08,Purple
Dredi,Reinhart,dreinhartli@over-blog.com,Female,1990-12-22,Pink
Averyl,Sayce,asaycelj@com.com,Female,2006-06-20,Turquoise
Kinnie,Fieller,kfiellerlk@angelfire.com,Female,2008-01-19,Crimson
Carlos,Caddens,ccaddensll@bizjournals.com,,1991-06-27,Indigo
Rowland,Slowly,rslowlylm@abc.net.au,Male,1999-11-30,Khaki
Madalyn,Symonds,msymondsln@cbc.ca,Male,2021-03-26,Violet
Georgie,Goulder,ggoulderlo@adobe.com,Female,2008-05-26,Crimson
Willy,Kupper,wkupperlp@gravatar.com,Male,1994-01-12,Turquoise
Flor,De Bernardi,fdebernardilq@sogou.com,Female,1993-01-26,Red
Ellynn,Bolzen,ebolzenlr@mlb.com,Male,2019-12-29,Violet
Clyde,Gilliard,cgilliardls@cafepress.com,Female,2011-08-30,Yellow
Jens,Readings,jreadingslt@nasa.gov,Female,2015-06-08,Indigo
Benedetto,Redford,bredfordlu@imgur.com,Female,2008-07-28,Red
Theodosia,Astin,,Female,1991-11-21,Indigo
Sheri,Dreinan,sdreinanlw@sogou.com,Female,2001-03-30,Puce
Lexi,De Domenico,,Male,2001-05-18,Mauv
Raimondo,Tulley,rtulleyly@samsung.com,Female,2012-05-03,Mauv
Ebonee,Lanigan,elaniganlz@go.com,Male,2019-06-05,Red
Dix,Rickardes,drickardesm0@mac.com,Female,1991-09-26,
Evy,Ciccotti,eciccottim1@devhub.com,Male,2015-06-24,Pink
Dulce,Georgiev,dgeorgievm2@skyrock.com,Genderfluid,2012-06-03,Orange
Annissa,Paprotny,apaprotnym3@edublogs.org,Male,2015-07-20,Maroon
Cobby,Stolberger,,Male,1990-06-06,
Arleyne,Malloy,,Male,2015-10-26,Green
Jillayne,Cestard,jcestardm6@yelp.com,Genderqueer,1992-04-25,Violet
Georgiana,Podd,gpoddm7@webmd.com,Male,2013-05-17,Turquoise
Jarvis,Trace,jtracem8@bigcartel.com,Male,2015-03-09,Khaki
Lief,Duigenan,lduigenanm9@friendfeed.com,Female,2008-05-22,Crimson
Osbourne,Kelle,okellema@amazon.de,Agender,1995-03-11,Khaki
Sayres,O'Garmen,sogarmenmb@weibo.com,Male,1990-10-31,Puce
Deborah,Ledley,dledleymc@telegraph.co.uk,Male,2014-10-29,Crimson
Corette,Pittson,cpittsonmd@bloglovin.com,Male,2020-05-27,
Linda,McElory,lmceloryme@home.pl,Male,2005-06-18,Fuscia
Ayn,Tackle,atacklemf@surveymonkey.com,Female,2014-12-13,Purple
Elane,Asquez,easquezmg@epa.gov,Agender,1994-11-03,Red
James,Gunn,jgunnmh@shutterfly.com,Male,2000-06-04,Green
Erinn,,edeanmi@yelp.com,Male,1992-02-09,Teal
Mina,Kochs,mkochsmj@csmonitor.com,Male,2002-10-28,Crimson
Marcos,Placstone,mplacstonemk@google.es,Bigender,2012-01-05,Yellow
Jasper,Corbin,jcorbinml@techcrunch.com,Female,2015-11-24,Yellow
Audrye,Carnihan,acarnihanmm@engadget.com,Female,2010-03-19,Aquamarine
Raffarty,Youthed,ryouthedmn@imageshack.us,Male,2007-05-15,Purple
Arielle,Di Ruggero,adiruggeromo@ask.com,Male,2013-09-11,Fuscia
Salomi,Escolme,sescolmemp@hugedomains.com,Female,2011-05-26,Pink
Toddy,Blades,,Genderqueer,2014-11-14,Mauv
Veronique,Sawden,vsawdenmr@latimes.com,Female,2014-01-05,Blue
Elly,Denholm,,Male,1998-09-20,Purple
Annabel,Poulgreen,apoulgreenmt@discuz.net,Male,1990-09-15,Indigo
Cathlene,Tipperton,ctippertonmu@blogger.com,Male,1997-08-02,Teal
Hedvige,McFade,hmcfademv@newsvine.com,Male,2014-05-24,Goldenrod
Wilfrid,Corpe,,Male,2000-03-27,Maroon
Josefina,Woolley,jwoolleymx@123-reg.co.uk,Polygender,2006-04-20,Teal
Emilee,Cometti,,Male,1998-02-28,Crimson
Maura,Hourihan,mhourihanmz@devhub.com,Female,2018-07-18,Green
Goldina,Rickson,gricksonn0@prlog.org,Female,1991-10-24,
Aeriela,Andri,aandrin1@boston.com,,1998-09-29,Blue
Brnaba,Voden,bvodenn2@istockphoto.com,Male,2017-09-25,Indigo
Salomo,Seabright,sseabrightn3@jimdo.com,Genderqueer,2018-04-23,Purple
Lidia,Bolland,lbollandn4@ustream.tv,Male,1993-08-10,Purple
Enid,Portwain,eportwainn5@twitter.com,Male,1994-01-01,Purple
Harrie,Swaffer,hswaffern6@google.fr,Male,1999-09-03,Mauv
Daffy,Coxwell,dcoxwelln7@flickr.com,Male,2019-09-09,Red
Fancie,Koop,,Male,1992-04-25,Puce
Kerby,Gotfrey,kgotfreyn9@woothemes.com,Polygender,2002-05-26,Blue
Lyndell,Menauteau,lmenauteauna@behance.net,Male,1992-12-17,Fuscia
Carmine,Tomaskov,,Female,2020-11-10,Khaki
Rolfe,Tharme,rtharmenc@stanford.edu,Male,2011-10-04,Khaki
Harmony,De Gouy,hdegouynd@purevolume.com,Male,2019-12-08,Indigo
Anderson,Goddard,,Female,2016-05-25,Turquoise
Skell,MacCurley,smaccurleynf@mapquest.com,Female,1996-10-07,Mauv
Elbert,Crathern,ecrathernng@slate.com,Male,2005-05-14,Goldenrod
Rubin,Sidnall,rsidnallnh@icq.com,Female,2015-02-18,
Lou,Odcroft,lodcroftni@buzzfeed.com,Female,1997-06-04,Pink
Danita,,dgarmsnj@wisc.edu,Female,1996-04-02,Purple
Cirilo,Michell,cmichellnk@studiopress.com,Bigender,2007-09-10,Crimson
Danika,McLurg,,Female,2013-09-14,Teal
Alfonse,Blaszczak,ablaszczaknm@google.fr,Female,2000-06-12,Turquoise
Fay,Hurworth,fhurworthnn@ehow.com,Male,1996-06-21,Yellow
Yankee,Petlyura,,Female,1992-06-13,Mauv
Dickie,Glancy,dglancynp@elegantthemes.com,Female,2018-09-07,Puce
Wilt,Hitzschke,whitzschkenq@cdbaby.com,Female,1991-02-16,Fuscia
Fan,Squier,fsquiernr@ted.com,Male,2019-11-09,Green
Clyve,Bridel,,,1998-01-26,Crimson
Joanna,Milam,jmilamnt@nature.com,Female,2004-01-15,
Mathilde,Loble,mloblenu@istockphoto.com,Male,2014-10-07,Turquoise
Willard,Ternouth,wternouthnv@sciencedaily.com,Bigender,2002-01-21,
Alonzo,Eborn,aebornnw@sphinn.com,Genderqueer,2004-05-02,Purple
Cami,Stille,cstillenx@phoca.cz,Female,1994-05-09,Khaki
Beryl,Rastrick,brastrickny@engadget.com,Female,1996-12-08,Fuscia
Beau,Sharkey,bsharkeynz@statcounter.com,Female,1995-03-21,Pink
Jack,Braidwood,,Bigender,2017-07-31,Teal
Micheil,Keaveny,mkeavenyo1@unesco.org,Female,2015-09-17,Orange
Scott,McLeoid,smcleoido2@quantcast.com,Female,2017-06-11,Green
Paulo,Enterle,,Male,2017-08-07,Orange
Lauretta,Paulsen,lpaulseno4@mozilla.com,Female,2002-07-28,Green
Ainslie,Mose,amoseo5@utexas.edu,Male,2014-01-26,Fuscia
Carolyne,Nannini,cnanninio6@intel.com,Male,2019-01-06,Turquoise
Birgitta,Larvin,blarvino7@acquirethisname.com,Female,2016-10-30,Mauv
Prentice,Conkling,pconklingo8@hao123.com,Male,2008-11-16,Green
Saraann,Asp,,Male,2008-06-25,Aquamarine
Fernando,MacEveley,fmaceveleyoa@ifeng.com,Female,2012-04-29,Pink
Kara-lynn,Cantrell,kcantrellob@amazon.de,Male,2016-07-15,Aquamarine
Bev,Avann,bavannoc@wunderground.com,Female,2006-11-05,Green
Tore,Arias,tariasod@smugmug.com,Male,2020-10-18,
Jacki,Duferie,jduferieoe@wunderground.com,,2021-07-01,Crimson
Deb,Panter,dpanterof@house.gov,Female,2011-05-17,Green
Giuditta,Berthelet,gbertheletog@spiegel.de,Female,2017-06-15,Maroon
Leesa,,lcokayneoh@chronoengine.com,Non-binary,2010-07-15,
Berti,Lande,blandeoi@bluehost.com,Female,1997-01-13,Crimson
Nikolaus,Baniard,nbaniardoj@infoseek.co.jp,Male,1997-09-24,Goldenrod
Ethelbert,Ransom,eransomok@sfgate.com,Female,1994-08-28,Indigo
Llywellyn,Cady,lcadyol@wordpress.com,Male,2011-08-26,Violet
Josefa,Brownbill,jbrownbillom@mapquest.com,Male,2017-08-17,
Peri,O'Spillane,,Male,2019-04-19,
Merrill,Hazelgreave,mhazelgreaveoo@sciencedaily.com,Male,2014-01-28,Turquoise
Dottie,O'Lenane,dolenaneop@123-reg.co.uk,Female,2002-03-05,Puce
Paolo,Marquand,pmarquandoq@twitpic.com,Male,1996-07-18,Yellow
Isador,Spratling,,Female,2004-08-04,
Kippy,Hendin,khendinos@hud.gov,Female,2005-11-18,Mauv
Yehudi,Breede,ybreedeot@nsw.gov.au,Female,1999-02-13,Turquoise
Claudell,Phippen,,Male,2020-08-24,Indigo
Suzie,Stronach,sstronachov@bigcartel.com,Male,1998-10-31,Blue
Dennie,Seabon,dseabonow@domainmarket.com,Female,1997-09-23,Green
Patty,Baskeyfied,pbaskeyfiedox@cisco.com,Female,2009-03-07,Goldenrod
Ingmar,Gellately,igellatelyoy@upenn.edu,Female,2000-01-28,Goldenrod
Vale,Bowne,vbowneoz@wikispaces.com,Male,1995-11-11,Aquamarine
Granger,Moylan,gmoylanp0@blogtalkradio.com,,1994-12-31,Mauv
Sabrina,Cashford,scashfordp1@dailymail.co.uk,,2012-10-30,Blue
Keane,Endrizzi,kendrizzip2@virginia.edu,Male,1999-05-06,Crimson
Maxy,Tohill,,Male,2019-03-30,Red
Ignacius,Giannoni,igiannonip4@google.nl,Male,2017-04-24,Teal
Alisander,Filipson,afilipsonp5@thetimes.co.uk,Female,2009-04-26,Fuscia
Veronika,Backsal,vbacksalp6@opera.com,Female,2007-09-12,Purple
Melissa,Ducker,,Female,2021-03-06,Mauv
Cate,Arnell,carnellp8@msn.com,Male,1993-01-07,Red
Adriaens,Stapford,astapfordp9@alexa.com,Non-binary,1990-05-01,
Andrea,Kettles,akettlespa@about.me,Male,2006-06-15,Green
Drucill,Rankling,,Genderqueer,2012-06-20,Green
Fina,Hynson,fhynsonpc@booking.com,Female,2016-07-20,Indigo
Geralda,Huitson,,Female,2013-03-22,Maroon
Hebert,Bindin,hbindinpe@ebay.co.uk,Male,2021-12-23,Khaki
Coriss,Hayth,chaythpf@ifeng.com,Male,2014-09-29,Purple
Kelwin,Marion,kmarionpg@cocolog-nifty.com,Genderfluid,1990-03-02,Yellow
Dorey,Bird,dbirdph@instagram.com,Female,2015-04-26,Blue
Joy,Austin,jaustinpi@lycos.com,Female,1995-06-16,Turquoise
Karlie,Isworth,,Female,2012-01-23,Puce
Beau,Lodwig,blodwigpk@unc.edu,Polygender,1992-01-07,Red
Trista,Shipton,tshiptonpl@ezinearticles.com,Bigender,2014-04-20,Fuscia
Martin,Lambertini,mlambertinipm@sakura.ne.jp,Female,2016-02-15,Indigo
Adena,Cresswell,acresswellpn@senate.gov,Female,2013-10-30,Mauv
Erskine,Caldaro,ecaldaropo@businesswire.com,Female,2003-02-04,Maroon
Merl,Daskiewicz,mdaskiewiczpp@bravesites.com,Male,2021-09-28,Turquoise
Maria,Samsworth,msamsworthpq@purevolume.com,Female,2013-02-06,Teal
Beck,Mathiasen,bmathiasenpr@feedburner.com,Male,2003-06-20,Aquamarine
Chrissy,Mews,cmewsps@nhs.uk,Male,2021-10-24,Fuscia
Evelyn,Brind,,Male,2019-02-15,Maroon
Cyril,O'Crevy,cocrevypu@parallels.com,Male,2020-10-30,Puce
Kermie,Samart,ksamartpv@webs.com,Male,2021-06-13,Teal
Fran,Morfey,,Female,2018-12-05,Indigo
Enrica,Dillet,edilletpx@ehow.com,Female,2000-05-05,Orange
Cathleen,Rawsthorne,crawsthornepy@pcworld.com,Male,2015-09-30,Indigo
Lonny,Tremonte,ltremontepz@hubpages.com,,1997-10-02,
Ulrikaumeko,Windrum,uwindrumq0@tmall.com,Female,2011-02-04,Pink
Prent,Carcass,pcarcassq1@networksolutions.com,Male,1994-08-18,Teal
Lenette,,lbartulq2@europa.eu,Male,1992-08-12,Red
Mil,,msalwayq3@paginegialle.it,Male,2021-07-29,Purple
Dix,Franca,dfrancaq4@yandex.ru,Female,2015-06-25,Blue
Bryn,Cockshutt,bcockshuttq5@answers.com,Male,1991-05-23,Purple
Estrella,Rigge,eriggeq6@wsj.com,Female,1990-08-18,Yellow
Xymenes,D'Alessandro,xdalessandroq7@discuz.net,Male,2012-11-02,Orange
Carin,Blay,cblayq8@topsy.com,,2015-04-17,Goldenrod
Ekaterina,Silkstone,esilkstoneq9@studiopress.com,Male,2016-08-26,Red
Korella,Dachs,kdachsqa@nature.com,Female,2003-02-05,Indigo
Rachael,Yeldon,ryeldonqb@jimdo.com,,1991-09-22,Aquamarine
Bryn,Fenn,bfennqc@purevolume.com,Male,2008-02-22,Turquoise
Myrtia,Luxon,mluxonqd@newsvine.com,Polygender,2007-06-27,Maroon
Gaston,Collelton,gcolleltonqe@bizjournals.com,Female,2013-07-18,Goldenrod
Ferrel,Wailes,,Male,1990-10-17,Yellow
Buddy,Dimock,,Non-binary,2003-02-03,Aquamarine
Caressa,McLuckie,,Male,2008-09-08,Red
Dara,Tewkesberry,dtewkesberryqi@blogtalkradio.com,Male,2002-02-08,Puce
Saree,Sheepy,ssheepyqj@ucoz.ru,Female,2006-10-22,Red
Anetta,Fowles,afowlesqk@netlog.com,Male,1996-08-03,Teal
Kai,Kapelhoff,,Female,2020-05-20,Purple
Mireille,Tabert,mtabertqm@scribd.com,Male,2002-12-22,Pink
Hubert,Tape,htapeqn@ucoz.com,Bigender,1991-03-04,Indigo
Fabian,Pavyer,,Female,2013-09-27,Mauv
Lanny,Foulkes,lfoulkesqp@vistaprint.com,Male,2010-06-23,Maroon
Benito,Kyrkeman,bkyrkemanqq@xrea.com,Male,1996-05-16,Blue
Mitchell,Gogan,mgoganqr@hubpages.com,Male,2018-06-09,Pink
Ash,Klazenga,aklazengaqs@nifty.com,Non-binary,2019-12-02,Teal
Burk,Whordley,bwhordleyqt@soundcloud.com,Male,1997-08-16,Pink
Antonio,Ablott,aablottqu@google.ca,Male,2008-06-07,Violet
Elizabeth,Kemshell,ekemshellqv@sciencedirect.com,Female,1994-03-04,Goldenrod
Alvinia,Civitillo,acivitilloqw@youtube.com,Male,2016-05-12,Yellow
Sunny,Eveque,sevequeqx@stumbleupon.com,Male,1991-09-29,Orange
Robinson,Swinburn,rswinburnqy@alexa.com,Genderqueer,2011-10-28,Indigo
Wang,Bony,wbonyqz@istockphoto.com,Female,2005-06-17,Turquoise
Arman,Pitrelli,apitrellir0@deliciousdays.com,,2006-01-15,Mauv
Demetria,Boyton,dboytonr1@oracle.com,Non-binary,1990-05-08,Pink
Germayne,Dyers,gdyersr2@wired.com,Male,1990-09-10,Purple
Codie,Joynt,cjoyntr3@alexa.com,Male,2009-01-01,Indigo
Lia,Horlock,lhorlockr4@wordpress.com,Female,2005-11-19,Aquamarine
Kirsten,De Mitris,kdemitrisr5@hao123.com,Female,2017-07-14,Fuscia
Humbert,Youson,hyousonr6@simplemachines.org,Male,2014-11-13,Pink
Ara,Wyson,awysonr7@theatlantic.com,Male,2018-11-16,Red
Judie,Addionizio,,Male,2021-03-21,Green
Kipp,O'Lenechan,kolenechanr9@cnet.com,Male,2016-01-19,Orange
Brena,,bsawyerra@networkadvertising.org,Genderqueer,2018-05-19,Orange
Sylvester,Forsdyke,sforsdykerb@tinypic.com,Male,2006-08-12,Khaki
Christal,Clemensen,cclemensenrc@imgur.com,Female,1998-03-18,Khaki
Robers,Cornil,rcornilrd@wordpress.org,Female,2018-10-05,Turquoise
Cleo,FitzGeorge,cfitzgeorgere@exblog.jp,Male,2020-09-26,Aquamarine
April,Grindrod,agrindrodrf@weather.com,Non-binary,2014-10-25,Orange
Guenevere,Gosnall,ggosnallrg@over-blog.com,Female,1990-10-21,Yellow
Gene,Towse,gtowserh@reddit.com,Female,2006-05-10,Violet
Gallagher,Puckey,gpuckeyri@barnesandnoble.com,Male,2021-04-24,Aquamarine
Annetta,,abjerkanrj@constantcontact.com,Male,1993-04-10,Red
Dollie,Copeland,dcopelandrk@kickstarter.com,Male,2003-02-18,Aquamarine
Coretta,Kollach,ckollachrl@phoca.cz,Female,1990-07-30,Aquamarine
Anya,Garbert,agarbertrm@tmall.com,Female,1993-10-13,Violet
Kristine,Hurdis,khurdisrn@virginia.edu,Male,1993-04-17,Green
Coleen,Janney,cjanneyro@mit.edu,Female,2006-12-20,Purple
Penrod,Feary,pfearyrp@godaddy.com,Female,2005-09-21,Mauv
Glenn,Maryska,,Male,2011-12-01,Violet
Evita,Cuseick,ecuseickrr@nbcnews.com,Female,1999-09-08,
